INSERT INTO users (user_id, email, password, created_data) VALUES
(1, 'ivan@mail.ru', 'pass123', '2024-01-10 10:00:00'),
(2, 'maria@yandex.ru', 'maria2024', '2024-01-12 14:30:00'),
(3, 'petr@gmail.com', 'qwerty', '2024-02-01 09:15:00'),
(4, 'anna@bk.ru', 'anna321', '2024-02-05 18:20:00'),
(5, 'sveta@mail.ru', 'svetlana', '2024-02-10 11:00:00'),
(6, 'dima@yandex.ru', 'dima123', '2024-02-15 08:45:00'),
(7, 'olga@gmail.com', 'olga777', '2024-03-01 16:00:00'),
(8, 'nikolay@bk.ru', 'nik2024', '2024-03-05 13:10:00'),
(9, 'elena@mail.ru', 'elenae', '2024-03-10 09:30:00'),
(10, 'alex@yandex.ru', 'alex99', '2024-03-12 17:45:00'),
(11, 'tatyana@gmail.com', 'tat222', '2024-04-01 12:00:00'),
(12, 'sergey@bk.ru', 'sergey2024', '2024-04-05 15:20:00'),
(13, 'irina@mail.ru', 'irina123', '2024-04-10 10:10:00'),
(14, 'vlad@yandex.ru', 'vlad2024', '2024-05-01 14:00:00'),
(15, 'nadezhda@gmail.com', 'nadia1', '2024-05-05 11:30:00'),
(16, 'kirill@bk.ru', 'kirill88', '2024-05-10 09:00:00'),
(17, 'veronika@mail.ru', 'veronika', '2024-06-01 18:00:00'),
(18, 'anton@yandex.ru', 'anton2024', '2024-06-05 08:15:00'),
(19, 'ludmila@gmail.com', 'luda777', '2024-06-10 19:45:00'),
(20, 'yuri@bk.ru', 'yuri123', '2024-07-01 10:30:00');

INSERT INTO volunteers (volunteer_id, user_id, name, rating) VALUES
(1, 1, 'Иван Петров', 4.8),
(2, 2, 'Мария Смирнова', 4.9),
(3, 3, 'Петр Сидоров', 4.2),
(4, 4, 'Анна Козлова', 5.0),
(5, 5, 'Светлана Морозова', 4.5),
(6, 6, 'Дмитрий Волков', 4.3),
(7, 7, 'Ольга Лебедева', 4.7),
(8, 8, 'Николай Новиков', 4.1),
(9, 9, 'Елена Соколова', 4.6),
(10, 10, 'Алексей Павлов', 4.4),
(11, 11, 'Татьяна Васильева', 4.9),
(12, 12, 'Сергей Егоров', 4.0),
(13, 13, 'Ирина Николаева', 4.8),
(14, 14, 'Владимир Андреев', 4.5),
(15, 15, 'Надежда Федорова', 4.7),
(16, 16, 'Кирилл Михайлов', 4.2),
(17, 17, 'Вероника Семенова', 4.6),
(18, 18, 'Антон Григорьев', 4.3),
(19, 19, 'Людмила Романова', 4.9),
(20, 20, 'Юрий Титов', 4.1);

INSERT INTO organizations (organizations_id, name, description) VALUES
(1, 'Экологический фонд "Чистый мир"', 'Занимается уборкой парков и лесов'),
(2, 'Красный Крест', 'Помощь пострадавшим в чрезвычайных ситуациях'),
(3, 'Фонд помощи бездомным животным', 'Приюты и волонтерство с животными'),
(4, 'Городской волонтерский центр', 'Организация городских событий'),
(5, 'Ассоциация доноров крови', 'Пропаганда донорства и выездные акции'),
(6, 'Фонд "Старшее поколение"', 'Помощь пенсионерам и ветеранам'),
(7, 'Эковолонтер', 'Раздельный сбор отходов и экоуроки'),
(8, 'Детский фонд "Лучик"', 'Помощь детям-сиротам'),
(9, 'Спортивный клуб "Марафон"', 'Организация забегов и турниров'),
(10, 'Культурный центр "Наследие"', 'Восстановление памятников'),
(11, 'Фонд "Здоровье нации"', 'Медицинское волонтерство'),
(12, 'АнтиСПИД', 'Профилактика ВИЧ'),
(13, 'Зеленый патруль', 'Охрана лесов от пожаров'),
(14, 'Фонд помощи инвалидам "Равные возможности"', 'Инклюзивные мероприятия'),
(15, 'Волонтеры Победы', 'Помощь ветеранам ВОВ'),
(16, 'Студенческий совет', 'Организация мероприятий в вузах'),
(17, 'Благотворительный фонд "Доброе дело"', 'Сбор средств для больных детей'),
(18, 'Центр поиска людей "Лиза Алерт"', 'Поиск пропавших без вести'),
(19, 'Фонд "Без барьеров"', 'Доступная среда для инвалидов'),
(20, 'Экостанция', 'Пункты приема вторсырья');

INSERT INTO events (event_id, org_id, title, date) VALUES
(1, 1, 'Уборка парка "Сокольники"', '2025-05-15'),
(2, 2, 'Донорская акция в ТЦ "Европа"', '2025-06-10'),
(3, 3, 'Поиск дома для бездомных животных', '2025-07-20'),
(4, 4, 'Фестиваль городских волонтеров', '2025-08-01'),
(5, 5, 'Лекция о донорстве в школе', '2025-09-05'),
(6, 6, 'Помощь ветеранам на дому', '2025-05-22'),
(7, 7, 'Экоурок в детском саду', '2025-06-15'),
(8, 8, 'Сбор игрушек для детдома', '2025-07-10'),
(9, 9, 'Благотворительный забег', '2025-08-20'),
(10, 10, 'Реставрация часовни в парке', '2025-09-12'),
(11, 11, 'Измерение давления на вокзале', '2025-05-30'),
(12, 12, 'Акция "Узнай свой ВИЧ-статус"', '2025-06-25'),
(13, 13, 'Патрулирование леса от пожаров', '2025-07-18'),
(14, 14, 'Инклюзивный мастер-класс', '2025-08-22'),
(15, 15, 'Поздравление ветеранов с Днем Победы', '2025-05-09'),
(16, 16, 'День студента-волонтера', '2025-01-25'),
(17, 17, 'Ярмарка добрых дел', '2025-10-10'),
(18, 18, 'Поиск пропавшего ребенка', '2025-04-05'),
(19, 19, 'Круглый стол о доступной среде', '2025-11-01'),
(20, 20, 'Экофестиваль "Чистый город"', '2025-09-28');

INSERT INTO applications (application_id, volunteer_id, event_id, status) VALUES
(1, 1, 1, 'approved'),
(2, 2, 2, 'approved'),
(3, 3, 3, 'pending'),
(4, 4, 4, 'approved'),
(5, 5, 5, 'rejected'),
(6, 6, 6, 'approved'),
(7, 7, 7, 'pending'),
(8, 8, 8, 'approved'),
(9, 9, 9, 'approved'),
(10, 10, 10, 'rejected'),
(11, 11, 11, 'approved'),
(12, 12, 12, 'pending'),
(13, 13, 13, 'approved'),
(14, 14, 14, 'approved'),
(15, 15, 15, 'approved'),
(16, 16, 16, 'rejected'),
(17, 17, 17, 'pending'),
(18, 18, 18, 'approved'),
(19, 19, 19, 'approved'),
(20, 20, 20, 'approved');

INSERT INTO participation (participation_id, volunteer_id, event_id, role) VALUES
(1, 1, 1, 'Уборщик территории'),
(2, 2, 2, 'Медицинский волонтер'),
(3, 3, 3, 'Фотограф'),
(4, 4, 4, 'Координатор'),
(5, 5, 5, 'Лектор'),
(6, 6, 6, 'Помощник ветерана'),
(7, 7, 7, 'Экопросветитель'),
(8, 8, 8, 'Сборщик игрушек'),
(9, 9, 9, 'Спортивный судья'),
(10, 10, 10, 'Реставратор'),
(11, 11, 11, 'Медсестра'),
(12, 12, 12, 'Консультант по ВИЧ'),
(13, 13, 13, 'Наблюдатель'),
(14, 14, 14, 'Ведущий мастер-класса'),
(15, 15, 15, 'Поздравляющий'),
(16, 16, 16, 'Организатор'),
(17, 17, 17, 'Продавец на ярмарке'),
(18, 18, 18, 'Поисковик'),
(19, 19, 19, 'Спикер'),
(20, 20, 20, 'Эксперт по сортировке');